Driver,LapNumber,LapTime,TyreLife,Compound,PitOutTime
VER,1.0,0 days 00:01:27.905000,1.0,MEDIUM,
VER,2.0,0 days 00:01:26.163000,2.0,MEDIUM,
VER,3.0,0 days 00:01:25.702000,3.0,MEDIUM,
VER,4.0,0 days 00:01:26.050000,4.0,MEDIUM,
VER,5.0,0 days 00:01:26.176000,5.0,MEDIUM,
VER,6.0,0 days 00:01:26.837000,6.0,MEDIUM,
VER,7.0,0 days 00:01:26.368000,7.0,MEDIUM,
VER,8.0,0 days 00:01:25.990000,8.0,MEDIUM,
VER,9.0,0 days 00:01:26.605000,9.0,MEDIUM,
VER,10.0,0 days 00:01:26.603000,10.0,MEDIUM,
VER,11.0,0 days 00:01:26.643000,11.0,MEDIUM,
VER,12.0,0 days 00:01:26.442000,12.0,MEDIUM,
VER,13.0,0 days 00:01:26.666000,13.0,MEDIUM,
VER,14.0,0 days 00:01:27.028000,14.0,MEDIUM,
VER,15.0,0 days 00:01:26.782000,15.0,MEDIUM,
VER,16.0,0 days 00:01:26.718000,16.0,MEDIUM,
VER,17.0,0 days 00:01:26.733000,17.0,MEDIUM,
VER,18.0,0 days 00:01:26.273000,18.0,MEDIUM,
VER,19.0,0 days 00:01:26.438000,19.0,MEDIUM,
VER,20.0,0 days 00:01:30.849000,20.0,MEDIUM,
VER,21.0,0 days 00:01:45.660000,1.0,HARD,0 days 01:51:37.284000
VER,22.0,0 days 00:01:25.885000,2.0,HARD,
VER,23.0,0 days 00:01:26.159000,3.0,HARD,
VER,24.0,0 days 00:01:26.327000,4.0,HARD,
VER,25.0,0 days 00:01:25.914000,5.0,HARD,
VER,26.0,0 days 00:01:25.786000,6.0,HARD,
VER,27.0,0 days 00:01:25.501000,7.0,HARD,
VER,28.0,0 days 00:01:25.434000,8.0,HARD,
VER,29.0,0 days 00:01:25.471000,9.0,HARD,
VER,30.0,0 days 00:01:25.398000,10.0,HARD,
VER,31.0,0 days 00:01:25.502000,11.0,HARD,
VER,32.0,0 days 00:01:25.410000,12.0,HARD,
VER,33.0,0 days 00:01:25.240000,13.0,HARD,
VER,34.0,0 days 00:01:25.683000,14.0,HARD,
VER,35.0,0 days 00:01:25.815000,15.0,HARD,
VER,36.0,0 days 00:01:25.598000,16.0,HARD,
VER,37.0,0 days 00:01:25.683000,17.0,HARD,
VER,38.0,0 days 00:01:25.585000,18.0,HARD,
VER,39.0,0 days 00:01:25.486000,19.0,HARD,
VER,40.0,0 days 00:01:25.901000,20.0,HARD,
VER,41.0,0 days 00:01:25.779000,21.0,HARD,
VER,42.0,0 days 00:01:25.912000,22.0,HARD,
VER,43.0,0 days 00:01:25.994000,23.0,HARD,
VER,44.0,0 days 00:01:25.751000,24.0,HARD,
VER,45.0,0 days 00:01:25.916000,25.0,HARD,
VER,46.0,0 days 00:01:26.185000,26.0,HARD,
VER,47.0,0 days 00:01:26.137000,27.0,HARD,
VER,48.0,0 days 00:01:27.235000,28.0,HARD,
VER,49.0,0 days 00:01:27.907000,29.0,HARD,
VER,50.0,0 days 00:01:28.393000,30.0,HARD,
VER,51.0,0 days 00:01:27.525000,31.0,HARD,
GAS,1.0,0 days 00:01:35.974000,1.0,MEDIUM,
GAS,2.0,0 days 00:01:28.696000,2.0,MEDIUM,
GAS,3.0,0 days 00:01:27.916000,3.0,MEDIUM,
GAS,4.0,0 days 00:01:27.472000,4.0,MEDIUM,
GAS,5.0,0 days 00:01:27.694000,5.0,MEDIUM,
GAS,6.0,0 days 00:01:27.324000,6.0,MEDIUM,
GAS,7.0,0 days 00:01:27.210000,7.0,MEDIUM,
GAS,8.0,0 days 00:01:27.240000,8.0,MEDIUM,
GAS,9.0,0 days 00:01:27.366000,9.0,MEDIUM,
GAS,10.0,0 days 00:01:32.034000,10.0,MEDIUM,
GAS,11.0,0 days 00:01:50.170000,4.0,HARD,0 days 01:37:34.372000
GAS,12.0,0 days 00:01:27.431000,5.0,HARD,
GAS,13.0,0 days 00:01:27.368000,6.0,HARD,
GAS,14.0,0 days 00:01:27.348000,7.0,HARD,
GAS,15.0,0 days 00:01:27.363000,8.0,HARD,
GAS,16.0,0 days 00:01:27.088000,9.0,HARD,
GAS,17.0,0 days 00:01:27.076000,10.0,HARD,
GAS,18.0,0 days 00:01:27.053000,11.0,HARD,
GAS,19.0,0 days 00:01:27.136000,12.0,HARD,
GAS,20.0,0 days 00:01:27.035000,13.0,HARD,
GAS,21.0,0 days 00:01:27.706000,14.0,HARD,
GAS,22.0,0 days 00:01:27.219000,15.0,HARD,
GAS,23.0,0 days 00:01:27.454000,16.0,HARD,
GAS,24.0,0 days 00:01:27.060000,17.0,HARD,
GAS,25.0,0 days 00:01:27.223000,18.0,HARD,
GAS,26.0,0 days 00:01:27.590000,19.0,HARD,
GAS,27.0,0 days 00:01:27.189000,20.0,HARD,
GAS,28.0,0 days 00:01:27.521000,21.0,HARD,
GAS,29.0,0 days 00:01:27.383000,22.0,HARD,
GAS,30.0,0 days 00:01:27.658000,23.0,HARD,
GAS,31.0,0 days 00:01:32.204000,24.0,HARD,
GAS,32.0,0 days 00:01:46.720000,1.0,MEDIUM,0 days 02:08:32.961000
GAS,33.0,0 days 00:01:26.439000,2.0,MEDIUM,
GAS,34.0,0 days 00:01:26.877000,3.0,MEDIUM,
GAS,35.0,0 days 00:01:26.903000,4.0,MEDIUM,
GAS,36.0,0 days 00:01:26.797000,5.0,MEDIUM,
GAS,37.0,0 days 00:01:26.499000,6.0,MEDIUM,
GAS,38.0,0 days 00:01:26.357000,7.0,MEDIUM,
GAS,39.0,0 days 00:01:26.736000,8.0,MEDIUM,
GAS,40.0,0 days 00:01:26.548000,9.0,MEDIUM,
GAS,41.0,0 days 00:01:26.346000,10.0,MEDIUM,
GAS,42.0,0 days 00:01:26.425000,11.0,MEDIUM,
GAS,43.0,0 days 00:01:25.921000,12.0,MEDIUM,
GAS,44.0,0 days 00:01:25.758000,13.0,MEDIUM,
GAS,45.0,0 days 00:01:26.297000,14.0,MEDIUM,
GAS,46.0,0 days 00:01:26.292000,15.0,MEDIUM,
GAS,47.0,0 days 00:01:26.144000,16.0,MEDIUM,
GAS,48.0,0 days 00:01:26.288000,17.0,MEDIUM,
GAS,49.0,0 days 00:01:27.913000,18.0,MEDIUM,
GAS,50.0,0 days 00:01:27.375000,19.0,MEDIUM,
GAS,51.0,,20.0,MEDIUM,
PER,1.0,0 days 00:01:29.806000,1.0,MEDIUM,
PER,2.0,0 days 00:01:26.881000,2.0,MEDIUM,
PER,3.0,0 days 00:01:26.143000,3.0,MEDIUM,
PER,4.0,0 days 00:01:26.019000,4.0,MEDIUM,
PER,5.0,0 days 00:01:26.354000,5.0,MEDIUM,
PER,6.0,0 days 00:01:26.465000,6.0,MEDIUM,
PER,7.0,0 days 00:01:26.333000,7.0,MEDIUM,
PER,8.0,0 days 00:01:26.887000,8.0,MEDIUM,
PER,9.0,0 days 00:01:26.564000,9.0,MEDIUM,
PER,10.0,0 days 00:01:26.454000,10.0,MEDIUM,
PER,11.0,0 days 00:01:27.245000,11.0,MEDIUM,
PER,12.0,0 days 00:01:26.968000,12.0,MEDIUM,
PER,13.0,0 days 00:01:27.014000,13.0,MEDIUM,
PER,14.0,0 days 00:01:27.451000,14.0,MEDIUM,
PER,15.0,0 days 00:01:26.779000,15.0,MEDIUM,
PER,16.0,0 days 00:01:26.823000,16.0,MEDIUM,
PER,17.0,0 days 00:01:27.011000,17.0,MEDIUM,
PER,18.0,0 days 00:01:26.765000,18.0,MEDIUM,
PER,19.0,0 days 00:01:26.669000,19.0,MEDIUM,
PER,20.0,0 days 00:01:26.509000,20.0,MEDIUM,
PER,21.0,0 days 00:01:30.934000,21.0,MEDIUM,
PER,22.0,0 days 00:01:45.228000,1.0,HARD,0 days 01:53:09.955000
PER,23.0,0 days 00:01:25.564000,2.0,HARD,
PER,24.0,0 days 00:01:25.759000,3.0,HARD,
PER,25.0,0 days 00:01:26.005000,4.0,HARD,
PER,26.0,0 days 00:01:25.884000,5.0,HARD,
PER,27.0,0 days 00:01:26.456000,6.0,HARD,
PER,28.0,0 days 00:01:25.584000,7.0,HARD,
PER,29.0,0 days 00:01:25.606000,8.0,HARD,
PER,30.0,0 days 00:01:25.757000,9.0,HARD,
PER,31.0,0 days 00:01:26.415000,10.0,HARD,
PER,32.0,0 days 00:01:25.880000,11.0,HARD,
PER,33.0,0 days 00:01:26.020000,12.0,HARD,
PER,34.0,0 days 00:01:25.948000,13.0,HARD,
PER,35.0,0 days 00:01:25.651000,14.0,HARD,
PER,36.0,0 days 00:01:25.627000,15.0,HARD,
PER,37.0,0 days 00:01:25.757000,16.0,HARD,
PER,38.0,0 days 00:01:25.584000,17.0,HARD,
PER,39.0,0 days 00:01:25.522000,18.0,HARD,
PER,40.0,0 days 00:01:25.626000,19.0,HARD,
PER,41.0,0 days 00:01:26.719000,20.0,HARD,
PER,42.0,0 days 00:01:26.539000,21.0,HARD,
PER,43.0,0 days 00:01:26.624000,22.0,HARD,
PER,44.0,0 days 00:01:26.329000,23.0,HARD,
PER,45.0,0 days 00:01:26.573000,24.0,HARD,
PER,46.0,0 days 00:01:25.598000,25.0,HARD,
PER,47.0,0 days 00:01:26.476000,26.0,HARD,
PER,48.0,0 days 00:01:26.108000,27.0,HARD,
PER,49.0,0 days 00:01:26.006000,28.0,HARD,
PER,50.0,0 days 00:01:26.385000,29.0,HARD,
PER,51.0,0 days 00:01:25.903000,30.0,HARD,
ALO,1.0,0 days 00:01:33.340000,1.0,MEDIUM,
ALO,2.0,0 days 00:01:28.012000,2.0,MEDIUM,
ALO,3.0,0 days 00:01:27.546000,3.0,MEDIUM,
ALO,4.0,0 days 00:01:27.221000,4.0,MEDIUM,
ALO,5.0,0 days 00:01:27.033000,5.0,MEDIUM,
ALO,6.0,0 days 00:01:27.175000,6.0,MEDIUM,
ALO,7.0,0 days 00:01:26.929000,7.0,MEDIUM,
ALO,8.0,0 days 00:01:26.943000,8.0,MEDIUM,
ALO,9.0,0 days 00:01:27.383000,9.0,MEDIUM,
ALO,10.0,0 days 00:01:27.368000,10.0,MEDIUM,
ALO,11.0,0 days 00:01:27.343000,11.0,MEDIUM,
ALO,12.0,0 days 00:01:27.339000,12.0,MEDIUM,
ALO,13.0,0 days 00:01:27.158000,13.0,MEDIUM,
ALO,14.0,0 days 00:01:27.607000,14.0,MEDIUM,
ALO,15.0,0 days 00:01:26.929000,15.0,MEDIUM,
ALO,16.0,0 days 00:01:27.164000,16.0,MEDIUM,
ALO,17.0,0 days 00:01:27.156000,17.0,MEDIUM,
ALO,18.0,0 days 00:01:27.275000,18.0,MEDIUM,
ALO,19.0,0 days 00:01:27.318000,19.0,MEDIUM,
ALO,20.0,0 days 00:01:28.284000,20.0,MEDIUM,
ALO,21.0,0 days 00:01:32.377000,21.0,MEDIUM,
ALO,22.0,0 days 00:01:47.272000,4.0,HARD,0 days 01:53:27.799000
ALO,23.0,0 days 00:01:26.849000,5.0,HARD,
ALO,24.0,0 days 00:01:26.949000,6.0,HARD,
ALO,25.0,0 days 00:01:26.899000,7.0,HARD,
ALO,26.0,0 days 00:01:26.792000,8.0,HARD,
ALO,27.0,0 days 00:01:26.666000,9.0,HARD,
ALO,28.0,0 days 00:01:26.723000,10.0,HARD,
ALO,29.0,0 days 00:01:26.997000,11.0,HARD,
ALO,30.0,0 days 00:01:26.915000,12.0,HARD,
ALO,31.0,0 days 00:01:26.848000,13.0,HARD,
ALO,32.0,0 days 00:01:26.747000,14.0,HARD,
ALO,33.0,0 days 00:01:26.769000,15.0,HARD,
ALO,34.0,0 days 00:01:26.563000,16.0,HARD,
ALO,35.0,0 days 00:01:26.517000,17.0,HARD,
ALO,36.0,0 days 00:01:26.457000,18.0,HARD,
ALO,37.0,0 days 00:01:26.380000,19.0,HARD,
ALO,38.0,0 days 00:01:26.574000,20.0,HARD,
ALO,39.0,0 days 00:01:26.707000,21.0,HARD,
ALO,40.0,0 days 00:01:26.610000,22.0,HARD,
ALO,41.0,0 days 00:01:26.815000,23.0,HARD,
ALO,42.0,0 days 00:01:26.403000,24.0,HARD,
ALO,43.0,0 days 00:01:26.105000,25.0,HARD,
ALO,44.0,0 days 00:01:26.155000,26.0,HARD,
ALO,45.0,0 days 00:01:26.277000,27.0,HARD,
ALO,46.0,0 days 00:01:26.453000,28.0,HARD,
ALO,47.0,0 days 00:01:26.912000,29.0,HARD,
ALO,48.0,0 days 00:01:27.183000,30.0,HARD,
ALO,49.0,0 days 00:01:27.245000,31.0,HARD,
ALO,50.0,0 days 00:01:27.360000,32.0,HARD,
ALO,51.0,0 days 00:01:27.395000,33.0,HARD,
LEC,1.0,0 days 00:01:28.755000,1.0,MEDIUM,
LEC,2.0,0 days 00:01:26.312000,2.0,MEDIUM,
LEC,3.0,0 days 00:01:25.719000,3.0,MEDIUM,
LEC,4.0,0 days 00:01:26.025000,4.0,MEDIUM,
LEC,5.0,0 days 00:01:26.266000,5.0,MEDIUM,
LEC,6.0,0 days 00:01:26.483000,6.0,MEDIUM,
LEC,7.0,0 days 00:01:26.473000,7.0,MEDIUM,
LEC,8.0,0 days 00:01:25.972000,8.0,MEDIUM,
LEC,9.0,0 days 00:01:26.678000,9.0,MEDIUM,
LEC,10.0,0 days 00:01:26.787000,10.0,MEDIUM,
LEC,11.0,0 days 00:01:26.838000,11.0,MEDIUM,
LEC,12.0,0 days 00:01:26.694000,12.0,MEDIUM,
LEC,13.0,0 days 00:01:26.557000,13.0,MEDIUM,
LEC,14.0,0 days 00:01:26.940000,14.0,MEDIUM,
LEC,15.0,0 days 00:01:27.314000,15.0,MEDIUM,
LEC,16.0,0 days 00:01:27.155000,16.0,MEDIUM,
LEC,17.0,0 days 00:01:27.670000,17.0,MEDIUM,
LEC,18.0,0 days 00:01:27.498000,18.0,MEDIUM,
LEC,19.0,0 days 00:01:27.702000,19.0,MEDIUM,
LEC,20.0,0 days 00:01:31.155000,20.0,MEDIUM,
LEC,21.0,0 days 00:01:45.842000,1.0,HARD,0 days 01:51:42.956000
LEC,22.0,0 days 00:01:25.742000,2.0,HARD,
LEC,23.0,0 days 00:01:25.807000,3.0,HARD,
LEC,24.0,0 days 00:01:25.933000,4.0,HARD,
LEC,25.0,0 days 00:01:26.061000,5.0,HARD,
LEC,26.0,0 days 00:01:25.763000,6.0,HARD,
LEC,27.0,0 days 00:01:26.234000,7.0,HARD,
LEC,28.0,0 days 00:01:25.663000,8.0,HARD,
LEC,29.0,0 days 00:01:25.814000,9.0,HARD,
LEC,30.0,0 days 00:01:25.782000,10.0,HARD,
LEC,31.0,0 days 00:01:26.496000,11.0,HARD,
LEC,32.0,0 days 00:01:26.869000,12.0,HARD,
LEC,33.0,0 days 00:01:25.962000,13.0,HARD,
LEC,34.0,0 days 00:01:25.851000,14.0,HARD,
LEC,35.0,0 days 00:01:25.850000,15.0,HARD,
LEC,36.0,0 days 00:01:25.631000,16.0,HARD,
LEC,37.0,0 days 00:01:25.671000,17.0,HARD,
LEC,38.0,0 days 00:01:25.580000,18.0,HARD,
LEC,39.0,0 days 00:01:25.629000,19.0,HARD,
LEC,40.0,0 days 00:01:25.728000,20.0,HARD,
LEC,41.0,0 days 00:01:26.511000,21.0,HARD,
LEC,42.0,0 days 00:01:26.448000,22.0,HARD,
LEC,43.0,0 days 00:01:26.597000,23.0,HARD,
LEC,44.0,0 days 00:01:26.586000,24.0,HARD,
LEC,45.0,0 days 00:01:26.321000,25.0,HARD,
LEC,46.0,0 days 00:01:26.580000,26.0,HARD,
LEC,47.0,0 days 00:01:27.371000,27.0,HARD,
LEC,48.0,0 days 00:01:26.828000,28.0,HARD,
LEC,49.0,0 days 00:01:26.633000,29.0,HARD,
LEC,50.0,0 days 00:01:26.961000,30.0,HARD,
LEC,51.0,0 days 00:01:26.783000,31.0,HARD,
STR,1.0,0 days 00:01:36.787000,1.0,MEDIUM,
STR,2.0,0 days 00:01:28.953000,2.0,MEDIUM,
STR,3.0,0 days 00:01:28.614000,3.0,MEDIUM,
STR,4.0,0 days 00:01:27.725000,4.0,MEDIUM,
STR,5.0,0 days 00:01:27.574000,5.0,MEDIUM,
STR,6.0,0 days 00:01:27.656000,6.0,MEDIUM,
STR,7.0,0 days 00:01:27.100000,7.0,MEDIUM,
STR,8.0,0 days 00:01:27.362000,8.0,MEDIUM,
STR,9.0,0 days 00:01:27.312000,9.0,MEDIUM,
STR,10.0,0 days 00:01:27.539000,10.0,MEDIUM,
STR,11.0,0 days 00:01:27.369000,11.0,MEDIUM,
STR,12.0,0 days 00:01:27.810000,12.0,MEDIUM,
STR,13.0,0 days 00:01:28.222000,13.0,MEDIUM,
STR,14.0,0 days 00:01:28.057000,14.0,MEDIUM,
STR,15.0,0 days 00:01:28.179000,15.0,MEDIUM,
STR,16.0,0 days 00:01:28.080000,16.0,MEDIUM,
STR,17.0,0 days 00:01:27.909000,17.0,MEDIUM,
STR,18.0,0 days 00:01:28.401000,18.0,MEDIUM,
STR,19.0,0 days 00:01:28.050000,19.0,MEDIUM,
STR,20.0,0 days 00:01:33.026000,20.0,MEDIUM,
STR,21.0,0 days 00:01:48.851000,5.0,HARD,0 days 01:52:15.471000
STR,22.0,0 days 00:01:26.742000,6.0,HARD,
STR,23.0,0 days 00:01:26.968000,7.0,HARD,
STR,24.0,0 days 00:01:27.340000,8.0,HARD,
STR,25.0,0 days 00:01:27.176000,9.0,HARD,
STR,26.0,0 days 00:01:27.259000,10.0,HARD,
STR,27.0,0 days 00:01:26.675000,11.0,HARD,
STR,28.0,0 days 00:01:27.085000,12.0,HARD,
STR,29.0,0 days 00:01:26.809000,13.0,HARD,
STR,30.0,0 days 00:01:26.924000,14.0,HARD,
STR,31.0,0 days 00:01:26.617000,15.0,HARD,
STR,32.0,0 days 00:01:26.832000,16.0,HARD,
STR,33.0,0 days 00:01:27.121000,17.0,HARD,
STR,34.0,0 days 00:01:27.298000,18.0,HARD,
STR,35.0,0 days 00:01:26.970000,19.0,HARD,
STR,36.0,0 days 00:01:27.096000,20.0,HARD,
STR,37.0,0 days 00:01:27.373000,21.0,HARD,
STR,38.0,0 days 00:01:26.902000,22.0,HARD,
STR,39.0,0 days 00:01:26.904000,23.0,HARD,
STR,40.0,0 days 00:01:27.072000,24.0,HARD,
STR,41.0,0 days 00:01:26.916000,25.0,HARD,
STR,42.0,0 days 00:01:27.067000,26.0,HARD,
STR,43.0,0 days 00:01:31.134000,27.0,HARD,
STR,44.0,0 days 00:01:28.214000,28.0,HARD,
STR,45.0,0 days 00:01:28.336000,29.0,HARD,
STR,46.0,0 days 00:01:27.153000,30.0,HARD,
STR,47.0,0 days 00:01:27.267000,31.0,HARD,
STR,48.0,0 days 00:01:27.590000,32.0,HARD,
STR,49.0,0 days 00:01:29.467000,33.0,HARD,
STR,50.0,0 days 00:01:30.865000,34.0,HARD,
STR,51.0,,35.0,HARD,
SAR,1.0,0 days 00:01:34.407000,4.0,MEDIUM,
SAR,2.0,0 days 00:01:28.080000,5.0,MEDIUM,
SAR,3.0,0 days 00:01:27.647000,6.0,MEDIUM,
SAR,4.0,0 days 00:01:27.389000,7.0,MEDIUM,
SAR,5.0,0 days 00:01:27.170000,8.0,MEDIUM,
SAR,6.0,0 days 00:01:27.135000,9.0,MEDIUM,
SAR,7.0,0 days 00:01:27.251000,10.0,MEDIUM,
SAR,8.0,0 days 00:01:27.233000,11.0,MEDIUM,
SAR,9.0,0 days 00:01:27.459000,12.0,MEDIUM,
SAR,10.0,0 days 00:01:27.685000,13.0,MEDIUM,
SAR,11.0,0 days 00:01:27.804000,14.0,MEDIUM,
SAR,12.0,0 days 00:01:28.694000,15.0,MEDIUM,
SAR,13.0,0 days 00:01:27.799000,16.0,MEDIUM,
SAR,14.0,0 days 00:01:33.074000,17.0,MEDIUM,
SAR,15.0,0 days 00:01:47.389000,4.0,HARD,0 days 01:43:21.681000
SAR,16.0,0 days 00:01:26.840000,5.0,HARD,
SAR,17.0,0 days 00:01:27,6.0,HARD,
SAR,18.0,0 days 00:01:26.906000,7.0,HARD,
SAR,19.0,0 days 00:01:27.165000,8.0,HARD,
SAR,20.0,0 days 00:01:27.280000,9.0,HARD,
SAR,21.0,0 days 00:01:27.363000,10.0,HARD,
SAR,22.0,0 days 00:01:27.465000,11.0,HARD,
SAR,23.0,0 days 00:01:27.149000,12.0,HARD,
SAR,24.0,0 days 00:01:27.104000,13.0,HARD,
SAR,25.0,0 days 00:01:27.165000,14.0,HARD,
SAR,26.0,0 days 00:01:27.021000,15.0,HARD,
SAR,27.0,0 days 00:01:27.253000,16.0,HARD,
SAR,28.0,0 days 00:01:27.546000,17.0,HARD,
SAR,29.0,0 days 00:01:27.545000,18.0,HARD,
SAR,30.0,0 days 00:01:27.121000,19.0,HARD,
SAR,31.0,0 days 00:01:27.461000,20.0,HARD,
SAR,32.0,0 days 00:01:27.522000,21.0,HARD,
SAR,33.0,0 days 00:01:27.293000,22.0,HARD,
SAR,34.0,0 days 00:01:27.219000,23.0,HARD,
SAR,35.0,0 days 00:01:27.233000,24.0,HARD,
SAR,36.0,0 days 00:01:27.142000,25.0,HARD,
SAR,37.0,0 days 00:01:27.292000,26.0,HARD,
SAR,38.0,0 days 00:01:27.103000,27.0,HARD,
SAR,39.0,0 days 00:01:27.137000,28.0,HARD,
SAR,40.0,0 days 00:01:27.640000,29.0,HARD,
SAR,41.0,0 days 00:01:27.180000,30.0,HARD,
SAR,42.0,0 days 00:01:27.176000,31.0,HARD,
SAR,43.0,0 days 00:01:29.385000,32.0,HARD,
SAR,44.0,0 days 00:01:27.686000,33.0,HARD,
SAR,45.0,0 days 00:01:27.502000,34.0,HARD,
SAR,46.0,0 days 00:01:27.709000,35.0,HARD,
SAR,47.0,0 days 00:01:27.622000,36.0,HARD,
SAR,48.0,0 days 00:01:27.440000,37.0,HARD,
SAR,49.0,0 days 00:01:27.742000,38.0,HARD,
SAR,50.0,0 days 00:01:29.626000,39.0,HARD,
SAR,51.0,,40.0,HARD,
MAG,1.0,0 days 00:01:36.466000,5.0,HARD,
MAG,2.0,0 days 00:01:28.923000,6.0,HARD,
MAG,3.0,0 days 00:01:28.538000,7.0,HARD,
MAG,4.0,0 days 00:01:29.252000,8.0,HARD,
MAG,5.0,0 days 00:01:28.276000,9.0,HARD,
MAG,6.0,0 days 00:01:27.949000,10.0,HARD,
MAG,7.0,0 days 00:01:27.691000,11.0,HARD,
MAG,8.0,0 days 00:01:27.935000,12.0,HARD,
MAG,9.0,0 days 00:01:28.218000,13.0,HARD,
MAG,10.0,0 days 00:01:28.511000,14.0,HARD,
MAG,11.0,0 days 00:01:28.792000,15.0,HARD,
MAG,12.0,0 days 00:01:33.273000,16.0,HARD,
MAG,13.0,0 days 00:01:48.424000,1.0,MEDIUM,0 days 01:40:36.589000
MAG,14.0,0 days 00:01:28.080000,2.0,MEDIUM,
MAG,15.0,0 days 00:01:27.848000,3.0,MEDIUM,
MAG,16.0,0 days 00:01:27.649000,4.0,MEDIUM,
MAG,17.0,0 days 00:01:27.589000,5.0,MEDIUM,
MAG,18.0,0 days 00:01:27.898000,6.0,MEDIUM,
MAG,19.0,0 days 00:01:27.159000,7.0,MEDIUM,
MAG,20.0,0 days 00:01:27.011000,8.0,MEDIUM,
MAG,21.0,0 days 00:01:27.128000,9.0,MEDIUM,
MAG,22.0,0 days 00:01:27.244000,10.0,MEDIUM,
MAG,23.0,0 days 00:01:27.492000,11.0,MEDIUM,
MAG,24.0,0 days 00:01:27.536000,12.0,MEDIUM,
MAG,25.0,0 days 00:01:27.502000,13.0,MEDIUM,
MAG,26.0,0 days 00:01:27.418000,14.0,MEDIUM,
MAG,27.0,0 days 00:01:27.220000,15.0,MEDIUM,
MAG,28.0,0 days 00:01:27.154000,16.0,MEDIUM,
MAG,29.0,0 days 00:01:27.344000,17.0,MEDIUM,
MAG,30.0,0 days 00:01:27.384000,18.0,MEDIUM,
MAG,31.0,0 days 00:01:27.486000,19.0,MEDIUM,
MAG,32.0,0 days 00:01:27.556000,20.0,MEDIUM,
MAG,33.0,0 days 00:01:33.158000,21.0,MEDIUM,
MAG,34.0,0 days 00:01:47.333000,1.0,MEDIUM,0 days 02:11:39.943000
MAG,35.0,0 days 00:01:26.300000,2.0,MEDIUM,
MAG,36.0,0 days 00:01:26.385000,3.0,MEDIUM,
MAG,37.0,0 days 00:01:26.454000,4.0,MEDIUM,
MAG,38.0,0 days 00:01:26.394000,5.0,MEDIUM,
MAG,39.0,0 days 00:01:30.343000,6.0,MEDIUM,
MAG,40.0,0 days 00:01:26.696000,7.0,MEDIUM,
MAG,41.0,0 days 00:01:26.328000,8.0,MEDIUM,
MAG,42.0,0 days 00:01:26.278000,9.0,MEDIUM,
MAG,43.0,0 days 00:01:26.511000,10.0,MEDIUM,
MAG,44.0,0 days 00:01:26.514000,11.0,MEDIUM,
MAG,45.0,0 days 00:01:26.787000,12.0,MEDIUM,
MAG,46.0,0 days 00:01:26.983000,13.0,MEDIUM,
MAG,47.0,0 days 00:01:26.660000,14.0,MEDIUM,
MAG,48.0,0 days 00:01:26.739000,15.0,MEDIUM,
MAG,49.0,0 days 00:01:27.054000,16.0,MEDIUM,
MAG,50.0,0 days 00:01:26.904000,17.0,MEDIUM,
MAG,51.0,,18.0,MEDIUM,
TSU,1.0,,4.0,MEDIUM,
ALB,1.0,0 days 00:01:30.785000,4.0,MEDIUM,
ALB,2.0,0 days 00:01:27.067000,5.0,MEDIUM,
ALB,3.0,0 days 00:01:26.578000,6.0,MEDIUM,
ALB,4.0,0 days 00:01:26.684000,7.0,MEDIUM,
ALB,5.0,0 days 00:01:26.868000,8.0,MEDIUM,
ALB,6.0,0 days 00:01:26.661000,9.0,MEDIUM,
ALB,7.0,0 days 00:01:26.773000,10.0,MEDIUM,
ALB,8.0,0 days 00:01:26.676000,11.0,MEDIUM,
ALB,9.0,0 days 00:01:26.838000,12.0,MEDIUM,
ALB,10.0,0 days 00:01:27.305000,13.0,MEDIUM,
ALB,11.0,0 days 00:01:27.389000,14.0,MEDIUM,
ALB,12.0,0 days 00:01:27.533000,15.0,MEDIUM,
ALB,13.0,0 days 00:01:27.676000,16.0,MEDIUM,
ALB,14.0,0 days 00:01:27.723000,17.0,MEDIUM,
ALB,15.0,0 days 00:01:32.301000,18.0,MEDIUM,
ALB,16.0,0 days 00:01:47.605000,4.0,HARD,0 days 01:44:37.492000
ALB,17.0,0 days 00:01:27.087000,5.0,HARD,
ALB,18.0,0 days 00:01:26.893000,6.0,HARD,
ALB,19.0,0 days 00:01:27.308000,7.0,HARD,
ALB,20.0,0 days 00:01:26.853000,8.0,HARD,
ALB,21.0,0 days 00:01:26.601000,9.0,HARD,
ALB,22.0,0 days 00:01:26.833000,10.0,HARD,
ALB,23.0,0 days 00:01:26.913000,11.0,HARD,
ALB,24.0,0 days 00:01:26.748000,12.0,HARD,
ALB,25.0,0 days 00:01:26.898000,13.0,HARD,
ALB,26.0,0 days 00:01:27.049000,14.0,HARD,
ALB,27.0,0 days 00:01:26.735000,15.0,HARD,
ALB,28.0,0 days 00:01:27.024000,16.0,HARD,
ALB,29.0,0 days 00:01:26.977000,17.0,HARD,
ALB,30.0,0 days 00:01:26.940000,18.0,HARD,
ALB,31.0,0 days 00:01:26.735000,19.0,HARD,
ALB,32.0,0 days 00:01:26.432000,20.0,HARD,
ALB,33.0,0 days 00:01:26.389000,21.0,HARD,
ALB,34.0,0 days 00:01:26.579000,22.0,HARD,
ALB,35.0,0 days 00:01:26.545000,23.0,HARD,
ALB,36.0,0 days 00:01:26.981000,24.0,HARD,
ALB,37.0,0 days 00:01:26.831000,25.0,HARD,
ALB,38.0,0 days 00:01:27.370000,26.0,HARD,
ALB,39.0,0 days 00:01:26.802000,27.0,HARD,
ALB,40.0,0 days 00:01:26.572000,28.0,HARD,
ALB,41.0,0 days 00:01:26.675000,29.0,HARD,
ALB,42.0,0 days 00:01:26.708000,30.0,HARD,
ALB,43.0,0 days 00:01:26.913000,31.0,HARD,
ALB,44.0,0 days 00:01:27.725000,32.0,HARD,
ALB,45.0,0 days 00:01:26.907000,33.0,HARD,
ALB,46.0,0 days 00:01:27.252000,34.0,HARD,
ALB,47.0,0 days 00:01:28.491000,35.0,HARD,
ALB,48.0,0 days 00:01:26.822000,36.0,HARD,
ALB,49.0,0 days 00:01:27.569000,37.0,HARD,
ALB,50.0,0 days 00:01:27.197000,38.0,HARD,
ALB,51.0,0 days 00:01:27.433000,39.0,HARD,
ZHO,1.0,0 days 00:01:35.194000,1.0,MEDIUM,
ZHO,2.0,0 days 00:01:28.167000,2.0,MEDIUM,
ZHO,3.0,0 days 00:01:27.871000,3.0,MEDIUM,
ZHO,4.0,0 days 00:01:27.615000,4.0,MEDIUM,
ZHO,5.0,0 days 00:01:27.535000,5.0,MEDIUM,
ZHO,6.0,0 days 00:01:27.066000,6.0,MEDIUM,
ZHO,7.0,0 days 00:01:27.185000,7.0,MEDIUM,
ZHO,8.0,0 days 00:01:27.253000,8.0,MEDIUM,
ZHO,9.0,0 days 00:01:27.416000,9.0,MEDIUM,
ZHO,10.0,0 days 00:01:27.544000,10.0,MEDIUM,
ZHO,11.0,0 days 00:01:32.187000,11.0,MEDIUM,
ZHO,12.0,0 days 00:01:47.237000,4.0,HARD,0 days 01:38:57.496000
ZHO,13.0,0 days 00:01:26.253000,5.0,HARD,
ZHO,14.0,0 days 00:01:27.775000,6.0,HARD,
ZHO,15.0,0 days 00:01:27.645000,7.0,HARD,
ZHO,16.0,0 days 00:01:27.153000,8.0,HARD,
ZHO,17.0,0 days 00:01:26.866000,9.0,HARD,
ZHO,18.0,0 days 00:01:27.055000,10.0,HARD,
ZHO,19.0,0 days 00:01:27.347000,11.0,HARD,
ZHO,20.0,0 days 00:01:27.075000,12.0,HARD,
ZHO,21.0,0 days 00:01:27.170000,13.0,HARD,
ZHO,22.0,0 days 00:01:27.333000,14.0,HARD,
ZHO,23.0,0 days 00:01:27.285000,15.0,HARD,
ZHO,24.0,0 days 00:01:27.153000,16.0,HARD,
ZHO,25.0,0 days 00:01:27.028000,17.0,HARD,
ZHO,26.0,0 days 00:01:27.164000,18.0,HARD,
ZHO,27.0,0 days 00:01:27.348000,19.0,HARD,
ZHO,28.0,0 days 00:01:27.858000,20.0,HARD,
ZHO,29.0,0 days 00:01:27.356000,21.0,HARD,
ZHO,30.0,0 days 00:01:27.442000,22.0,HARD,
ZHO,31.0,0 days 00:01:27.683000,23.0,HARD,
ZHO,32.0,0 days 00:01:27.820000,24.0,HARD,
ZHO,33.0,0 days 00:01:32.052000,25.0,HARD,
ZHO,34.0,0 days 00:01:47.962000,1.0,MEDIUM,0 days 02:11:24.131000
ZHO,35.0,0 days 00:01:25.983000,2.0,MEDIUM,
ZHO,36.0,0 days 00:01:26.935000,3.0,MEDIUM,
ZHO,37.0,0 days 00:01:26.700000,4.0,MEDIUM,
ZHO,38.0,0 days 00:01:26.503000,5.0,MEDIUM,
ZHO,39.0,0 days 00:01:26.473000,6.0,MEDIUM,
ZHO,40.0,0 days 00:01:26.406000,7.0,MEDIUM,
ZHO,41.0,0 days 00:01:26.600000,8.0,MEDIUM,
ZHO,42.0,0 days 00:01:26.671000,9.0,MEDIUM,
ZHO,43.0,0 days 00:01:26.288000,10.0,MEDIUM,
ZHO,44.0,0 days 00:01:26.313000,11.0,MEDIUM,
ZHO,45.0,0 days 00:01:26.461000,12.0,MEDIUM,
ZHO,46.0,0 days 00:01:26.134000,13.0,MEDIUM,
ZHO,47.0,0 days 00:01:26.305000,14.0,MEDIUM,
ZHO,48.0,0 days 00:01:26.448000,15.0,MEDIUM,
ZHO,49.0,0 days 00:01:28.825000,16.0,MEDIUM,
ZHO,50.0,0 days 00:01:26.768000,17.0,MEDIUM,
ZHO,51.0,,18.0,MEDIUM,
HUL,1.0,0 days 00:01:32.720000,4.0,MEDIUM,
HUL,2.0,0 days 00:01:27.920000,5.0,MEDIUM,
HUL,3.0,0 days 00:01:27.360000,6.0,MEDIUM,
HUL,4.0,0 days 00:01:27.200000,7.0,MEDIUM,
HUL,5.0,0 days 00:01:27.035000,8.0,MEDIUM,
HUL,6.0,0 days 00:01:27.169000,9.0,MEDIUM,
HUL,7.0,0 days 00:01:27.465000,10.0,MEDIUM,
HUL,8.0,0 days 00:01:28.059000,11.0,MEDIUM,
HUL,9.0,0 days 00:01:27.481000,12.0,MEDIUM,
HUL,10.0,0 days 00:01:27.563000,13.0,MEDIUM,
HUL,11.0,0 days 00:01:28.055000,14.0,MEDIUM,
HUL,12.0,0 days 00:01:29.091000,15.0,MEDIUM,
HUL,13.0,0 days 00:01:28.009000,16.0,MEDIUM,
HUL,14.0,0 days 00:01:32.658000,17.0,MEDIUM,
HUL,15.0,0 days 00:01:49.615000,6.0,HARD,0 days 01:43:21.946000
HUL,16.0,0 days 00:01:26.990000,7.0,HARD,
HUL,17.0,0 days 00:01:26.988000,8.0,HARD,
HUL,18.0,0 days 00:01:27.294000,9.0,HARD,
HUL,19.0,0 days 00:01:27.312000,10.0,HARD,
HUL,20.0,0 days 00:01:27.078000,11.0,HARD,
HUL,21.0,0 days 00:01:27.161000,12.0,HARD,
HUL,22.0,0 days 00:01:27.074000,13.0,HARD,
HUL,23.0,0 days 00:01:27.290000,14.0,HARD,
HUL,24.0,0 days 00:01:27.143000,15.0,HARD,
HUL,25.0,0 days 00:01:27.229000,16.0,HARD,
HUL,26.0,0 days 00:01:27.344000,17.0,HARD,
HUL,27.0,0 days 00:01:27.080000,18.0,HARD,
HUL,28.0,0 days 00:01:27.600000,19.0,HARD,
HUL,29.0,0 days 00:01:27.466000,20.0,HARD,
HUL,30.0,0 days 00:01:27.775000,21.0,HARD,
HUL,31.0,0 days 00:01:27.547000,22.0,HARD,
HUL,32.0,0 days 00:01:27.976000,23.0,HARD,
HUL,33.0,0 days 00:01:28.575000,24.0,HARD,
HUL,34.0,0 days 00:01:27.991000,25.0,HARD,
HUL,35.0,0 days 00:01:27.945000,26.0,HARD,
HUL,36.0,0 days 00:01:28.084000,27.0,HARD,
HUL,37.0,0 days 00:01:28.006000,28.0,HARD,
HUL,38.0,0 days 00:01:28.969000,29.0,HARD,
HUL,39.0,0 days 00:01:32.506000,30.0,HARD,
HUL,40.0,0 days 00:01:46.370000,4.0,MEDIUM,0 days 02:20:16.218000
HUL,41.0,0 days 00:01:26.395000,5.0,MEDIUM,
HUL,42.0,0 days 00:01:26.102000,6.0,MEDIUM,
HUL,43.0,0 days 00:01:26.234000,7.0,MEDIUM,
HUL,44.0,0 days 00:01:26.459000,8.0,MEDIUM,
HUL,45.0,0 days 00:01:26.723000,9.0,MEDIUM,
HUL,46.0,0 days 00:01:26.645000,10.0,MEDIUM,
HUL,47.0,0 days 00:01:26.251000,11.0,MEDIUM,
HUL,48.0,0 days 00:01:26.359000,12.0,MEDIUM,
HUL,49.0,0 days 00:01:25.981000,13.0,MEDIUM,
HUL,50.0,0 days 00:01:25.894000,14.0,MEDIUM,
HUL,51.0,,15.0,MEDIUM,
OCO,1.0,0 days 00:01:35.655000,1.0,MEDIUM,
OCO,2.0,0 days 00:01:28.667000,2.0,MEDIUM,
OCO,3.0,0 days 00:01:27.822000,3.0,MEDIUM,
OCO,4.0,0 days 00:01:27.582000,4.0,MEDIUM,
OCO,5.0,0 days 00:01:27.385000,5.0,MEDIUM,
OCO,6.0,0 days 00:01:27.306000,6.0,MEDIUM,
OCO,7.0,0 days 00:01:27.117000,7.0,MEDIUM,
OCO,8.0,0 days 00:01:27.309000,8.0,MEDIUM,
OCO,9.0,0 days 00:01:27.396000,9.0,MEDIUM,
OCO,10.0,0 days 00:01:27.607000,10.0,MEDIUM,
OCO,11.0,0 days 00:01:27.738000,11.0,MEDIUM,
OCO,12.0,0 days 00:01:28.232000,12.0,MEDIUM,
OCO,13.0,0 days 00:01:27.855000,13.0,MEDIUM,
OCO,14.0,0 days 00:01:28.091000,14.0,MEDIUM,
OCO,15.0,0 days 00:01:28.197000,15.0,MEDIUM,
OCO,16.0,0 days 00:01:28.249000,16.0,MEDIUM,
OCO,17.0,0 days 00:01:28.111000,17.0,MEDIUM,
OCO,18.0,0 days 00:01:28.261000,18.0,MEDIUM,
OCO,19.0,0 days 00:01:28.216000,19.0,MEDIUM,
OCO,20.0,0 days 00:01:29.387000,20.0,MEDIUM,
OCO,21.0,0 days 00:01:28.489000,21.0,MEDIUM,
OCO,22.0,0 days 00:01:28.884000,22.0,MEDIUM,
OCO,23.0,0 days 00:01:29.474000,23.0,MEDIUM,
OCO,24.0,0 days 00:01:33.499000,24.0,MEDIUM,
OCO,25.0,0 days 00:01:47.378000,4.0,HARD,0 days 01:58:08.843000
OCO,26.0,0 days 00:01:27.158000,5.0,HARD,
OCO,27.0,0 days 00:01:27.119000,6.0,HARD,
OCO,28.0,0 days 00:01:27.190000,7.0,HARD,
OCO,29.0,0 days 00:01:27.350000,8.0,HARD,
OCO,30.0,0 days 00:01:27.308000,9.0,HARD,
OCO,31.0,0 days 00:01:27.208000,10.0,HARD,
OCO,32.0,0 days 00:01:27.119000,11.0,HARD,
OCO,33.0,0 days 00:01:26.963000,12.0,HARD,
OCO,34.0,0 days 00:01:27.626000,13.0,HARD,
OCO,35.0,0 days 00:01:27.441000,14.0,HARD,
OCO,36.0,0 days 00:01:27.476000,15.0,HARD,
OCO,37.0,0 days 00:01:27.429000,16.0,HARD,
OCO,38.0,0 days 00:01:27.079000,17.0,HARD,
OCO,39.0,0 days 00:01:46.604000,18.0,HARD,
NOR,1.0,0 days 00:01:31.513000,1.0,MEDIUM,
NOR,2.0,0 days 00:01:27.575000,2.0,MEDIUM,
NOR,3.0,0 days 00:01:27.105000,3.0,MEDIUM,
NOR,4.0,0 days 00:01:27.069000,4.0,MEDIUM,
NOR,5.0,0 days 00:01:27.142000,5.0,MEDIUM,
NOR,6.0,0 days 00:01:26.796000,6.0,MEDIUM,
NOR,7.0,0 days 00:01:26.864000,7.0,MEDIUM,
NOR,8.0,0 days 00:01:26.628000,8.0,MEDIUM,
NOR,9.0,0 days 00:01:26.893000,9.0,MEDIUM,
NOR,10.0,0 days 00:01:26.965000,10.0,MEDIUM,
NOR,11.0,0 days 00:01:27.066000,11.0,MEDIUM,
NOR,12.0,0 days 00:01:27.438000,12.0,MEDIUM,
NOR,13.0,0 days 00:01:27.359000,13.0,MEDIUM,
NOR,14.0,0 days 00:01:27.478000,14.0,MEDIUM,
NOR,15.0,0 days 00:01:27.796000,15.0,MEDIUM,
NOR,16.0,0 days 00:01:27.199000,16.0,MEDIUM,
NOR,17.0,0 days 00:01:27.597000,17.0,MEDIUM,
NOR,18.0,0 days 00:01:27.272000,18.0,MEDIUM,
NOR,19.0,0 days 00:01:27.280000,19.0,MEDIUM,
NOR,20.0,0 days 00:01:27.716000,20.0,MEDIUM,
NOR,21.0,0 days 00:01:27.718000,21.0,MEDIUM,
NOR,22.0,0 days 00:01:31.647000,22.0,MEDIUM,
NOR,23.0,0 days 00:01:46.282000,5.0,HARD,0 days 01:54:49.876000
NOR,24.0,0 days 00:01:26.144000,6.0,HARD,
NOR,25.0,0 days 00:01:26.424000,7.0,HARD,
NOR,26.0,0 days 00:01:26.402000,8.0,HARD,
NOR,27.0,0 days 00:01:26.485000,9.0,HARD,
NOR,28.0,0 days 00:01:26.396000,10.0,HARD,
NOR,29.0,0 days 00:01:26.472000,11.0,HARD,
NOR,30.0,0 days 00:01:26.968000,12.0,HARD,
NOR,31.0,0 days 00:01:26.909000,13.0,HARD,
NOR,32.0,0 days 00:01:26.586000,14.0,HARD,
NOR,33.0,0 days 00:01:26.455000,15.0,HARD,
NOR,34.0,0 days 00:01:26.366000,16.0,HARD,
NOR,35.0,0 days 00:01:26.464000,17.0,HARD,
NOR,36.0,0 days 00:01:27.060000,18.0,HARD,
NOR,37.0,0 days 00:01:26.595000,19.0,HARD,
NOR,38.0,0 days 00:01:27.567000,20.0,HARD,
NOR,39.0,0 days 00:01:26.792000,21.0,HARD,
NOR,40.0,0 days 00:01:26.761000,22.0,HARD,
NOR,41.0,0 days 00:01:26.562000,23.0,HARD,
NOR,42.0,0 days 00:01:26.623000,24.0,HARD,
NOR,43.0,0 days 00:01:26.810000,25.0,HARD,
NOR,44.0,0 days 00:01:27.991000,26.0,HARD,
NOR,45.0,0 days 00:01:27.466000,27.0,HARD,
NOR,46.0,0 days 00:01:27.017000,28.0,HARD,
NOR,47.0,0 days 00:01:27.886000,29.0,HARD,
NOR,48.0,0 days 00:01:26.733000,30.0,HARD,
NOR,49.0,0 days 00:01:27.661000,31.0,HARD,
NOR,50.0,0 days 00:01:27.174000,32.0,HARD,
NOR,51.0,0 days 00:01:27.425000,33.0,HARD,
LAW,1.0,0 days 00:01:33.893000,4.0,MEDIUM,
LAW,2.0,0 days 00:01:28.018000,5.0,MEDIUM,
LAW,3.0,0 days 00:01:27.657000,6.0,MEDIUM,
LAW,4.0,0 days 00:01:27.130000,7.0,MEDIUM,
LAW,5.0,0 days 00:01:27.205000,8.0,MEDIUM,
LAW,6.0,0 days 00:01:27.263000,9.0,MEDIUM,
LAW,7.0,0 days 00:01:27.154000,10.0,MEDIUM,
LAW,8.0,0 days 00:01:27.331000,11.0,MEDIUM,
LAW,9.0,0 days 00:01:27.506000,12.0,MEDIUM,
LAW,10.0,0 days 00:01:27.648000,13.0,MEDIUM,
LAW,11.0,0 days 00:01:27.892000,14.0,MEDIUM,
LAW,12.0,0 days 00:01:27.631000,15.0,MEDIUM,
LAW,13.0,0 days 00:01:32.053000,16.0,MEDIUM,
LAW,14.0,0 days 00:01:47.344000,4.0,HARD,0 days 01:41:50.869000
LAW,15.0,0 days 00:01:27.030000,5.0,HARD,
LAW,16.0,0 days 00:01:27.412000,6.0,HARD,
LAW,17.0,0 days 00:01:27.045000,7.0,HARD,
LAW,18.0,0 days 00:01:26.815000,8.0,HARD,
LAW,19.0,0 days 00:01:27.047000,9.0,HARD,
LAW,20.0,0 days 00:01:26.890000,10.0,HARD,
LAW,21.0,0 days 00:01:27.171000,11.0,HARD,
LAW,22.0,0 days 00:01:28.059000,12.0,HARD,
LAW,23.0,0 days 00:01:27.215000,13.0,HARD,
LAW,24.0,0 days 00:01:27.049000,14.0,HARD,
LAW,25.0,0 days 00:01:27.204000,15.0,HARD,
LAW,26.0,0 days 00:01:27.089000,16.0,HARD,
LAW,27.0,0 days 00:01:27.025000,17.0,HARD,
LAW,28.0,0 days 00:01:27.376000,18.0,HARD,
LAW,29.0,0 days 00:01:27.108000,19.0,HARD,
LAW,30.0,0 days 00:01:27.487000,20.0,HARD,
LAW,31.0,0 days 00:01:27.515000,21.0,HARD,
LAW,32.0,0 days 00:01:27.496000,22.0,HARD,
LAW,33.0,0 days 00:01:31.843000,23.0,HARD,
LAW,34.0,0 days 00:01:46.710000,4.0,MEDIUM,0 days 02:11:19.912000
LAW,35.0,0 days 00:01:26.260000,5.0,MEDIUM,
LAW,36.0,0 days 00:01:26.384000,6.0,MEDIUM,
LAW,37.0,0 days 00:01:26.253000,7.0,MEDIUM,
LAW,38.0,0 days 00:01:26.103000,8.0,MEDIUM,
LAW,39.0,0 days 00:01:26.245000,9.0,MEDIUM,
LAW,40.0,0 days 00:01:26.273000,10.0,MEDIUM,
LAW,41.0,0 days 00:01:26.417000,11.0,MEDIUM,
LAW,42.0,0 days 00:01:26.121000,12.0,MEDIUM,
LAW,43.0,0 days 00:01:26.143000,13.0,MEDIUM,
LAW,44.0,0 days 00:01:25.842000,14.0,MEDIUM,
LAW,45.0,0 days 00:01:26.134000,15.0,MEDIUM,
LAW,46.0,0 days 00:01:26.018000,16.0,MEDIUM,
LAW,47.0,0 days 00:01:26.656000,17.0,MEDIUM,
LAW,48.0,0 days 00:01:26.098000,18.0,MEDIUM,
LAW,49.0,0 days 00:01:27.235000,19.0,MEDIUM,
LAW,50.0,0 days 00:01:26.436000,20.0,MEDIUM,
LAW,51.0,,21.0,MEDIUM,
HAM,1.0,0 days 00:01:32.011000,4.0,HARD,
HAM,2.0,0 days 00:01:27.837000,5.0,HARD,
HAM,3.0,0 days 00:01:27.289000,6.0,HARD,
HAM,4.0,0 days 00:01:27.233000,7.0,HARD,
HAM,5.0,0 days 00:01:27.015000,8.0,HARD,
HAM,6.0,0 days 00:01:26.711000,9.0,HARD,
HAM,7.0,0 days 00:01:26.700000,10.0,HARD,
HAM,8.0,0 days 00:01:26.643000,11.0,HARD,
HAM,9.0,0 days 00:01:26.756000,12.0,HARD,
HAM,10.0,0 days 00:01:26.995000,13.0,HARD,
HAM,11.0,0 days 00:01:27.119000,14.0,HARD,
HAM,12.0,0 days 00:01:27.194000,15.0,HARD,
HAM,13.0,0 days 00:01:27.292000,16.0,HARD,
HAM,14.0,0 days 00:01:27.526000,17.0,HARD,
HAM,15.0,0 days 00:01:28.085000,18.0,HARD,
HAM,16.0,0 days 00:01:27.240000,19.0,HARD,
HAM,17.0,0 days 00:01:27.585000,20.0,HARD,
HAM,18.0,0 days 00:01:27.279000,21.0,HARD,
HAM,19.0,0 days 00:01:27.449000,22.0,HARD,
HAM,20.0,0 days 00:01:27.830000,23.0,HARD,
HAM,21.0,0 days 00:01:27.399000,24.0,HARD,
HAM,22.0,0 days 00:01:27.154000,25.0,HARD,
HAM,23.0,0 days 00:01:27.267000,26.0,HARD,
HAM,24.0,0 days 00:01:27.311000,27.0,HARD,
HAM,25.0,0 days 00:01:27.791000,28.0,HARD,
HAM,26.0,0 days 00:01:27.407000,29.0,HARD,
HAM,27.0,0 days 00:01:33.228000,30.0,HARD,
HAM,28.0,0 days 00:01:45.978000,1.0,MEDIUM,0 days 02:02:09.621000
HAM,29.0,0 days 00:01:25.582000,2.0,MEDIUM,
HAM,30.0,0 days 00:01:26.340000,3.0,MEDIUM,
HAM,31.0,0 days 00:01:26.404000,4.0,MEDIUM,
HAM,32.0,0 days 00:01:26.620000,5.0,MEDIUM,
HAM,33.0,0 days 00:01:26.584000,6.0,MEDIUM,
HAM,34.0,0 days 00:01:26.236000,7.0,MEDIUM,
HAM,35.0,0 days 00:01:26.016000,8.0,MEDIUM,
HAM,36.0,0 days 00:01:26.205000,9.0,MEDIUM,
HAM,37.0,0 days 00:01:25.999000,10.0,MEDIUM,
HAM,38.0,0 days 00:01:26.274000,11.0,MEDIUM,
HAM,39.0,0 days 00:01:26.249000,12.0,MEDIUM,
HAM,40.0,0 days 00:01:26.658000,13.0,MEDIUM,
HAM,41.0,0 days 00:01:27.501000,14.0,MEDIUM,
HAM,42.0,0 days 00:01:26.216000,15.0,MEDIUM,
HAM,43.0,0 days 00:01:26.093000,16.0,MEDIUM,
HAM,44.0,0 days 00:01:27.152000,17.0,MEDIUM,
HAM,45.0,0 days 00:01:26.333000,18.0,MEDIUM,
HAM,46.0,0 days 00:01:27.193000,19.0,MEDIUM,
HAM,47.0,0 days 00:01:26.120000,20.0,MEDIUM,
HAM,48.0,0 days 00:01:25.815000,21.0,MEDIUM,
HAM,49.0,0 days 00:01:25.888000,22.0,MEDIUM,
HAM,50.0,0 days 00:01:25.927000,23.0,MEDIUM,
HAM,51.0,0 days 00:01:26.093000,24.0,MEDIUM,
SAI,1.0,0 days 00:01:27.117000,1.0,MEDIUM,
SAI,2.0,0 days 00:01:26.006000,2.0,MEDIUM,
SAI,3.0,0 days 00:01:25.976000,3.0,MEDIUM,
SAI,4.0,0 days 00:01:26.067000,4.0,MEDIUM,
SAI,5.0,0 days 00:01:26.423000,5.0,MEDIUM,
SAI,6.0,0 days 00:01:26.615000,6.0,MEDIUM,
SAI,7.0,0 days 00:01:26.358000,7.0,MEDIUM,
SAI,8.0,0 days 00:01:26.224000,8.0,MEDIUM,
SAI,9.0,0 days 00:01:26.476000,9.0,MEDIUM,
SAI,10.0,0 days 00:01:26.511000,10.0,MEDIUM,
SAI,11.0,0 days 00:01:26.691000,11.0,MEDIUM,
SAI,12.0,0 days 00:01:26.408000,12.0,MEDIUM,
SAI,13.0,0 days 00:01:26.887000,13.0,MEDIUM,
SAI,14.0,0 days 00:01:26.972000,14.0,MEDIUM,
SAI,15.0,0 days 00:01:28.219000,15.0,MEDIUM,
SAI,16.0,0 days 00:01:27.323000,16.0,MEDIUM,
SAI,17.0,0 days 00:01:27.721000,17.0,MEDIUM,
SAI,18.0,0 days 00:01:27.512000,18.0,MEDIUM,
SAI,19.0,0 days 00:01:31.912000,19.0,MEDIUM,
SAI,20.0,0 days 00:01:46.762000,1.0,HARD,0 days 01:50:16.676000
SAI,21.0,0 days 00:01:26.146000,2.0,HARD,
SAI,22.0,0 days 00:01:25.558000,3.0,HARD,
SAI,23.0,0 days 00:01:25.793000,4.0,HARD,
SAI,24.0,0 days 00:01:25.902000,5.0,HARD,
SAI,25.0,0 days 00:01:26.005000,6.0,HARD,
SAI,26.0,0 days 00:01:25.836000,7.0,HARD,
SAI,27.0,0 days 00:01:26.165000,8.0,HARD,
SAI,28.0,0 days 00:01:25.770000,9.0,HARD,
SAI,29.0,0 days 00:01:25.720000,10.0,HARD,
SAI,30.0,0 days 00:01:25.501000,11.0,HARD,
SAI,31.0,0 days 00:01:25.718000,12.0,HARD,
SAI,32.0,0 days 00:01:25.896000,13.0,HARD,
SAI,33.0,0 days 00:01:25.926000,14.0,HARD,
SAI,34.0,0 days 00:01:26.126000,15.0,HARD,
SAI,35.0,0 days 00:01:25.789000,16.0,HARD,
SAI,36.0,0 days 00:01:26.011000,17.0,HARD,
SAI,37.0,0 days 00:01:25.886000,18.0,HARD,
SAI,38.0,0 days 00:01:25.705000,19.0,HARD,
SAI,39.0,0 days 00:01:25.924000,20.0,HARD,
SAI,40.0,0 days 00:01:26.122000,21.0,HARD,
SAI,41.0,0 days 00:01:26.738000,22.0,HARD,
SAI,42.0,0 days 00:01:26.479000,23.0,HARD,
SAI,43.0,0 days 00:01:26.589000,24.0,HARD,
SAI,44.0,0 days 00:01:26.430000,25.0,HARD,
SAI,45.0,0 days 00:01:26.632000,26.0,HARD,
SAI,46.0,0 days 00:01:27.303000,27.0,HARD,
SAI,47.0,0 days 00:01:27.096000,28.0,HARD,
SAI,48.0,0 days 00:01:26.800000,29.0,HARD,
SAI,49.0,0 days 00:01:26.770000,30.0,HARD,
SAI,50.0,0 days 00:01:26.776000,31.0,HARD,
SAI,51.0,0 days 00:01:27.044000,32.0,HARD,
RUS,1.0,0 days 00:01:29.339000,1.0,MEDIUM,
RUS,2.0,0 days 00:01:26.686000,2.0,MEDIUM,
RUS,3.0,0 days 00:01:26.176000,3.0,MEDIUM,
RUS,4.0,0 days 00:01:26.178000,4.0,MEDIUM,
RUS,5.0,0 days 00:01:26.249000,5.0,MEDIUM,
RUS,6.0,0 days 00:01:26.515000,6.0,MEDIUM,
RUS,7.0,0 days 00:01:26.515000,7.0,MEDIUM,
RUS,8.0,0 days 00:01:26.594000,8.0,MEDIUM,
RUS,9.0,0 days 00:01:26.710000,9.0,MEDIUM,
RUS,10.0,0 days 00:01:26.655000,10.0,MEDIUM,
RUS,11.0,0 days 00:01:27.186000,11.0,MEDIUM,
RUS,12.0,0 days 00:01:27.044000,12.0,MEDIUM,
RUS,13.0,0 days 00:01:26.962000,13.0,MEDIUM,
RUS,14.0,0 days 00:01:27.285000,14.0,MEDIUM,
RUS,15.0,0 days 00:01:27.005000,15.0,MEDIUM,
RUS,16.0,0 days 00:01:27.976000,16.0,MEDIUM,
RUS,17.0,0 days 00:01:27.055000,17.0,MEDIUM,
RUS,18.0,0 days 00:01:27.383000,18.0,MEDIUM,
RUS,19.0,0 days 00:01:31.885000,19.0,MEDIUM,
RUS,20.0,0 days 00:01:45.310000,4.0,HARD,0 days 01:50:19.692000
RUS,21.0,0 days 00:01:26.456000,5.0,HARD,
RUS,22.0,0 days 00:01:26.715000,6.0,HARD,
RUS,23.0,0 days 00:01:26.605000,7.0,HARD,
RUS,24.0,0 days 00:01:26.671000,8.0,HARD,
RUS,25.0,0 days 00:01:26.320000,9.0,HARD,
RUS,26.0,0 days 00:01:26.410000,10.0,HARD,
RUS,27.0,0 days 00:01:26.184000,11.0,HARD,
RUS,28.0,0 days 00:01:26.284000,12.0,HARD,
RUS,29.0,0 days 00:01:26.140000,13.0,HARD,
RUS,30.0,0 days 00:01:25.966000,14.0,HARD,
RUS,31.0,0 days 00:01:26.148000,15.0,HARD,
RUS,32.0,0 days 00:01:26.059000,16.0,HARD,
RUS,33.0,0 days 00:01:26.161000,17.0,HARD,
RUS,34.0,0 days 00:01:26.119000,18.0,HARD,
RUS,35.0,0 days 00:01:26.189000,19.0,HARD,
RUS,36.0,0 days 00:01:26.371000,20.0,HARD,
RUS,37.0,0 days 00:01:25.997000,21.0,HARD,
RUS,38.0,0 days 00:01:25.847000,22.0,HARD,
RUS,39.0,0 days 00:01:26.210000,23.0,HARD,
RUS,40.0,0 days 00:01:26.244000,24.0,HARD,
RUS,41.0,0 days 00:01:26.614000,25.0,HARD,
RUS,42.0,0 days 00:01:26.335000,26.0,HARD,
RUS,43.0,0 days 00:01:26.426000,27.0,HARD,
RUS,44.0,0 days 00:01:26.336000,28.0,HARD,
RUS,45.0,0 days 00:01:26.394000,29.0,HARD,
RUS,46.0,0 days 00:01:26.458000,30.0,HARD,
RUS,47.0,0 days 00:01:26.640000,31.0,HARD,
RUS,48.0,0 days 00:01:26.287000,32.0,HARD,
RUS,49.0,0 days 00:01:26.375000,33.0,HARD,
RUS,50.0,0 days 00:01:26.874000,34.0,HARD,
RUS,51.0,0 days 00:01:26.628000,35.0,HARD,
BOT,1.0,0 days 00:01:34.811000,4.0,HARD,
BOT,2.0,0 days 00:01:28.032000,5.0,HARD,
BOT,3.0,0 days 00:01:27.950000,6.0,HARD,
BOT,4.0,0 days 00:01:27.119000,7.0,HARD,
BOT,5.0,0 days 00:01:27.575000,8.0,HARD,
BOT,6.0,0 days 00:01:27.150000,9.0,HARD,
BOT,7.0,0 days 00:01:27.360000,10.0,HARD,
BOT,8.0,0 days 00:01:27.227000,11.0,HARD,
BOT,9.0,0 days 00:01:27.265000,12.0,HARD,
BOT,10.0,0 days 00:01:27.863000,13.0,HARD,
BOT,11.0,0 days 00:01:27.693000,14.0,HARD,
BOT,12.0,0 days 00:01:28.716000,15.0,HARD,
BOT,13.0,0 days 00:01:28.007000,16.0,HARD,
BOT,14.0,0 days 00:01:27.991000,17.0,HARD,
BOT,15.0,0 days 00:01:27.427000,18.0,HARD,
BOT,16.0,0 days 00:01:27.824000,19.0,HARD,
BOT,17.0,0 days 00:01:27.470000,20.0,HARD,
BOT,18.0,0 days 00:01:27.634000,21.0,HARD,
BOT,19.0,0 days 00:01:27.725000,22.0,HARD,
BOT,20.0,0 days 00:01:28.438000,23.0,HARD,
BOT,21.0,0 days 00:01:29.044000,24.0,HARD,
BOT,22.0,0 days 00:01:28.116000,25.0,HARD,
BOT,23.0,0 days 00:01:28.123000,26.0,HARD,
BOT,24.0,0 days 00:01:28.022000,27.0,HARD,
BOT,25.0,0 days 00:01:32.814000,28.0,HARD,
BOT,26.0,0 days 00:01:46.575000,4.0,MEDIUM,0 days 01:59:30.123000
BOT,27.0,0 days 00:01:25.988000,5.0,MEDIUM,
BOT,28.0,0 days 00:01:26.486000,6.0,MEDIUM,
BOT,29.0,0 days 00:01:26.201000,7.0,MEDIUM,
BOT,30.0,0 days 00:01:26.643000,8.0,MEDIUM,
BOT,31.0,0 days 00:01:26.648000,9.0,MEDIUM,
BOT,32.0,0 days 00:01:26.606000,10.0,MEDIUM,
BOT,33.0,0 days 00:01:26.873000,11.0,MEDIUM,
BOT,34.0,0 days 00:01:26.621000,12.0,MEDIUM,
BOT,35.0,0 days 00:01:26.523000,13.0,MEDIUM,
BOT,36.0,0 days 00:01:26.782000,14.0,MEDIUM,
BOT,37.0,0 days 00:01:26.545000,15.0,MEDIUM,
BOT,38.0,0 days 00:01:27.093000,16.0,MEDIUM,
BOT,39.0,0 days 00:01:26.981000,17.0,MEDIUM,
BOT,40.0,0 days 00:01:27.862000,18.0,MEDIUM,
BOT,41.0,0 days 00:01:27.203000,19.0,MEDIUM,
BOT,42.0,0 days 00:01:26.864000,20.0,MEDIUM,
BOT,43.0,0 days 00:01:27.753000,21.0,MEDIUM,
BOT,44.0,0 days 00:01:26.962000,22.0,MEDIUM,
BOT,45.0,0 days 00:01:26.889000,23.0,MEDIUM,
BOT,46.0,0 days 00:01:26.806000,24.0,MEDIUM,
BOT,47.0,0 days 00:01:26.736000,25.0,MEDIUM,
BOT,48.0,0 days 00:01:27.005000,26.0,MEDIUM,
BOT,49.0,0 days 00:01:27.134000,27.0,MEDIUM,
BOT,50.0,0 days 00:01:26.950000,28.0,MEDIUM,
BOT,51.0,,29.0,MEDIUM,
PIA,1.0,0 days 00:01:30.315000,1.0,MEDIUM,
PIA,2.0,0 days 00:01:28.053000,2.0,MEDIUM,
PIA,3.0,0 days 00:01:26.982000,3.0,MEDIUM,
PIA,4.0,0 days 00:01:27.004000,4.0,MEDIUM,
PIA,5.0,0 days 00:01:26.909000,5.0,MEDIUM,
PIA,6.0,0 days 00:01:26.878000,6.0,MEDIUM,
PIA,7.0,0 days 00:01:26.940000,7.0,MEDIUM,
PIA,8.0,0 days 00:01:26.850000,8.0,MEDIUM,
PIA,9.0,0 days 00:01:26.864000,9.0,MEDIUM,
PIA,10.0,0 days 00:01:26.823000,10.0,MEDIUM,
PIA,11.0,0 days 00:01:27.217000,11.0,MEDIUM,
PIA,12.0,0 days 00:01:27.454000,12.0,MEDIUM,
PIA,13.0,0 days 00:01:27.518000,13.0,MEDIUM,
PIA,14.0,0 days 00:01:27.371000,14.0,MEDIUM,
PIA,15.0,0 days 00:01:27.738000,15.0,MEDIUM,
PIA,16.0,0 days 00:01:27.201000,16.0,MEDIUM,
PIA,17.0,0 days 00:01:27.440000,17.0,MEDIUM,
PIA,18.0,0 days 00:01:27.398000,18.0,MEDIUM,
PIA,19.0,0 days 00:01:27.352000,19.0,MEDIUM,
PIA,20.0,0 days 00:01:27.746000,20.0,MEDIUM,
PIA,21.0,0 days 00:01:27.587000,21.0,MEDIUM,
PIA,22.0,0 days 00:01:27.419000,22.0,MEDIUM,
PIA,23.0,0 days 00:01:31.866000,23.0,MEDIUM,
PIA,24.0,0 days 00:01:46.854000,6.0,HARD,0 days 01:56:17.109000
PIA,25.0,0 days 00:01:26.411000,7.0,HARD,
PIA,26.0,0 days 00:01:26.287000,8.0,HARD,
PIA,27.0,0 days 00:01:26.248000,9.0,HARD,
PIA,28.0,0 days 00:01:26.611000,10.0,HARD,
PIA,29.0,0 days 00:01:26.132000,11.0,HARD,
PIA,30.0,0 days 00:01:27.074000,12.0,HARD,
PIA,31.0,0 days 00:01:26.860000,13.0,HARD,
PIA,32.0,0 days 00:01:26.746000,14.0,HARD,
PIA,33.0,0 days 00:01:26.445000,15.0,HARD,
PIA,34.0,0 days 00:01:26.717000,16.0,HARD,
PIA,35.0,0 days 00:01:26.277000,17.0,HARD,
PIA,36.0,0 days 00:01:26.639000,18.0,HARD,
PIA,37.0,0 days 00:01:26.806000,19.0,HARD,
PIA,38.0,0 days 00:01:27.146000,20.0,HARD,
PIA,39.0,0 days 00:01:27.166000,21.0,HARD,
PIA,40.0,0 days 00:01:26.853000,22.0,HARD,
PIA,41.0,0 days 00:01:34.520000,23.0,HARD,
PIA,42.0,0 days 00:01:53.593000,4.0,MEDIUM,0 days 02:22:52.576000
PIA,43.0,0 days 00:01:25.072000,5.0,MEDIUM,
PIA,44.0,0 days 00:01:25.690000,6.0,MEDIUM,
PIA,45.0,0 days 00:01:26.139000,7.0,MEDIUM,
PIA,46.0,0 days 00:01:25.732000,8.0,MEDIUM,
PIA,47.0,0 days 00:01:26.614000,9.0,MEDIUM,
PIA,48.0,0 days 00:01:26.067000,10.0,MEDIUM,
PIA,49.0,0 days 00:01:25.841000,11.0,MEDIUM,
PIA,50.0,0 days 00:01:25.593000,12.0,MEDIUM,
PIA,51.0,,13.0,MEDIUM,
